{"assets/app_logo.png":["assets/app_logo.png"],"assets/ct_logo.png":["assets/ct_logo.png"],"assets/ct_logo1.png":["assets/ct_logo1.png"],"assets/file_icon_pdf_1.svg":["assets/file_icon_pdf_1.svg"],"assets/file_icon_pdf_2.svg":["assets/file_icon_pdf_2.svg"],"assets/file_icon_pdf_3.svg":["assets/file_icon_pdf_3.svg"],"assets/file_icon_pdf_4.svg":["assets/file_icon_pdf_4.svg"],"assets/file_icon_pdf_5.svg":["assets/file_icon_pdf_5.svg"],"assets/fonts/Poppins-Bold.ttf":["assets/fonts/Poppins-Bold.ttf"],"assets/fonts/Poppins-Light.ttf":["assets/fonts/Poppins-Light.ttf"],"assets/fonts/Poppins-Medium.ttf":["assets/fonts/Poppins-Medium.ttf"],"assets/fonts/Poppins-Regular.ttf":["assets/fonts/Poppins-Regular.ttf"],"assets/fonts/Poppins-SemiBold.ttf":["assets/fonts/Poppins-SemiBold.ttf"],"assets/images/CPAP.svg":["assets/images/CPAP.svg"],"assets/images/Edit.svg":["assets/images/Edit.svg"],"assets/images/Group 1000004199.svg":["assets/images/Group 1000004199.svg"],"assets/images/HFOV.svg":["assets/images/HFOV.svg"],"assets/images/Mask group.svg":["assets/images/Mask group.svg"],"assets/images/PEF_checkoffs.png":["assets/images/PEF_checkoffs.png"],"assets/images/PEF_checkouts.png":["assets/images/PEF_checkouts.png"],"assets/images/add.svg":["assets/images/add.svg"],"assets/images/add1.svg":["assets/images/add1.svg"],"assets/images/add_orange.svg":["assets/images/add_orange.svg"],"assets/images/addexception.svg":["assets/images/addexception.svg"],"assets/images/annoumncement.svg":["assets/images/annoumncement.svg"],"assets/images/announcement.svg":["assets/images/announcement.svg"],"assets/images/app_logo_with_slogan.svg":["assets/images/app_logo_with_slogan.svg"],"assets/images/arrow_frwd.svg":["assets/images/arrow_frwd.svg"],"assets/images/attendance.png":["assets/images/attendance.png"],"assets/images/attendence1.svg":["assets/images/attendence1.svg"],"assets/images/back_arrow.svg":["assets/images/back_arrow.svg"],"assets/images/brif_case.svg":["assets/images/brif_case.svg"],"assets/images/brif_case1.svg":["assets/images/brif_case1.svg"],"assets/images/calendar.svg":["assets/images/calendar.svg"],"assets/images/case_studies.svg":["assets/images/case_studies.svg"],"assets/images/case_study.svg":["assets/images/case_study.svg"],"assets/images/change_pass.svg":["assets/images/change_pass.svg"],"assets/images/ci_eval.svg":["assets/images/ci_eval.svg"],"assets/images/clock.svg":["assets/images/clock.svg"],"assets/images/clock_in.svg":["assets/images/clock_in.svg"],"assets/images/clock_out.svg":["assets/images/clock_out.svg"],"assets/images/clockin.svg":["assets/images/clockin.svg"],"assets/images/clockout.svg":["assets/images/clockout.svg"],"assets/images/close_modal.svg":["assets/images/close_modal.svg"],"assets/images/closeicon.svg":["assets/images/closeicon.svg"],"assets/images/closeiconred.svg":["assets/images/closeiconred.svg"],"assets/images/cross.svg":["assets/images/cross.svg"],"assets/images/crosss.svg":["assets/images/crosss.svg"],"assets/images/daily_jour.png":["assets/images/daily_jour.png"],"assets/images/daily_journal.png":["assets/images/daily_journal.png"],"assets/images/daily_journal.svg":["assets/images/daily_journal.svg"],"assets/images/daily_weekly.svg":["assets/images/daily_weekly.svg"],"assets/images/daily_weekly1.svg":["assets/images/daily_weekly1.svg"],"assets/images/default_profile_photo.png":["assets/images/default_profile_photo.png"],"assets/images/defaultschool.png":["assets/images/defaultschool.png"],"assets/images/defaultschoolimg.png":["assets/images/defaultschoolimg.png"],"assets/images/delete_d.svg":["assets/images/delete_d.svg"],"assets/images/deleteicon.svg":["assets/images/deleteicon.svg"],"assets/images/deliveryofneonate.svg":["assets/images/deliveryofneonate.svg"],"assets/images/dr.png":["assets/images/dr.png"],"assets/images/dr_int.png":["assets/images/dr_int.png"],"assets/images/dr_interaction.svg":["assets/images/dr_interaction.svg"],"assets/images/editPhoto.svg":["assets/images/editPhoto.svg"],"assets/images/edit_d.svg":["assets/images/edit_d.svg"],"assets/images/effective.svg":["assets/images/effective.svg"],"assets/images/eg_profile_photo.svg":["assets/images/eg_profile_photo.svg"],"assets/images/equipment.svg":["assets/images/equipment.svg"],"assets/images/error_Icon.svg":["assets/images/error_Icon.svg"],"assets/images/evaluation.png":["assets/images/evaluation.png"],"assets/images/evaluation.svg":["assets/images/evaluation.svg"],"assets/images/evaluation2.svg":["assets/images/evaluation2.svg"],"assets/images/exception.svg":["assets/images/exception.svg"],"assets/images/exception1.svg":["assets/images/exception1.svg"],"assets/images/exceptions1.svg":["assets/images/exceptions1.svg"],"assets/images/eye.svg":["assets/images/eye.svg"],"assets/images/forgot_pwd_main.svg":["assets/images/forgot_pwd_main.svg"],"assets/images/formation.png":["assets/images/formation.png"],"assets/images/formative.png":["assets/images/formative.png"],"assets/images/formative.svg":["assets/images/formative.svg"],"assets/images/formative2.svg":["assets/images/formative2.svg"],"assets/images/formatives.png":["assets/images/formatives.png"],"assets/images/frame.png":["assets/images/frame.png"],"assets/images/greenTick.svg":["assets/images/greenTick.svg"],"assets/images/home.png":["assets/images/home.png"],"assets/images/home.svg":["assets/images/home.svg"],"assets/images/icu.svg":["assets/images/icu.svg"],"assets/images/incident.svg":["assets/images/incident.svg"],"assets/images/incident1.svg":["assets/images/incident1.svg"],"assets/images/info-circle.svg":["assets/images/info-circle.svg"],"assets/images/instructorfeedback.svg":["assets/images/instructorfeedback.svg"],"assets/images/journal_daily.svg":["assets/images/journal_daily.svg"],"assets/images/key.svg":["assets/images/key.svg"],"assets/images/kiri_school.svg":["assets/images/kiri_school.svg"],"assets/images/logo.png":["assets/images/logo.png"],"assets/images/logout.svg":["assets/images/logout.svg"],"assets/images/logout_popup_assets.svg":["assets/images/logout_popup_assets.svg"],"assets/images/logoutimg.svg":["assets/images/logoutimg.svg"],"assets/images/mastery_eval.svg":["assets/images/mastery_eval.svg"],"assets/images/medical_term1.svg":["assets/images/medical_term1.svg"],"assets/images/medical_terminology.png":["assets/images/medical_terminology.png"],"assets/images/messages.png":["assets/images/messages.png"],"assets/images/messages.svg":["assets/images/messages.svg"],"assets/images/mid_term.svg":["assets/images/mid_term.svg"],"assets/images/mike.svg":["assets/images/mike.svg"],"assets/images/no.svg":["assets/images/no.svg"],"assets/images/notebook.png":["assets/images/notebook.png"],"assets/images/notify.svg":["assets/images/notify.svg"],"assets/images/p_evaluation.png":["assets/images/p_evaluation.png"],"assets/images/p_evaluation.svg":["assets/images/p_evaluation.svg"],"assets/images/pauseIcon.svg":["assets/images/pauseIcon.svg"],"assets/images/pdf_download_button.svg":["assets/images/pdf_download_button.svg"],"assets/images/pdf_downloaded.svg":["assets/images/pdf_downloaded.svg"],"assets/images/pef.svg":["assets/images/pef.svg"],"assets/images/pef_checkoff.svg":["assets/images/pef_checkoff.svg"],"assets/images/pef_evaluation.png":["assets/images/pef_evaluation.png"],"assets/images/pef_evaluation.svg":["assets/images/pef_evaluation.svg"],"assets/images/playIcon.svg":["assets/images/playIcon.svg"],"assets/images/proce_count.svg":["assets/images/proce_count.svg"],"assets/images/procedure_counts.png":["assets/images/procedure_counts.png"],"assets/images/procedure_counts.svg":["assets/images/procedure_counts.svg"],"assets/images/procedurecount/adultcare.png":["assets/images/procedurecount/adultcare.png"],"assets/images/procedurecount/adultcare.svg":["assets/images/procedurecount/adultcare.svg"],"assets/images/procedurecount/criticalcare.png":["assets/images/procedurecount/criticalcare.png"],"assets/images/procedurecount/criticalcare.svg":["assets/images/procedurecount/criticalcare.svg"],"assets/images/procedurecount/diagno.png":["assets/images/procedurecount/diagno.png"],"assets/images/procedurecount/diagno.svg":["assets/images/procedurecount/diagno.svg"],"assets/images/procedurecount/foundational.png":["assets/images/procedurecount/foundational.png"],"assets/images/procedurecount/foundational.svg":["assets/images/procedurecount/foundational.svg"],"assets/images/procedurecount/neonatalcare.png":["assets/images/procedurecount/neonatalcare.png"],"assets/images/procedurecount/neonatalcare.svg":["assets/images/procedurecount/neonatalcare.svg"],"assets/images/procedurecount/polysomo.png":["assets/images/procedurecount/polysomo.png"],"assets/images/procedurecount/polysomo.svg":["assets/images/procedurecount/polysomo.svg"],"assets/images/profile.svg":["assets/images/profile.svg"],"assets/images/right_arrow.svg":["assets/images/right_arrow.svg"],"assets/images/rotation.png":["assets/images/rotation.png"],"assets/images/rotation.svg":["assets/images/rotation.svg"],"assets/images/school_logo.svg":["assets/images/school_logo.svg"],"assets/images/search.svg":["assets/images/search.svg"],"assets/images/send-square.svg":["assets/images/send-square.svg"],"assets/images/signOff_icon.svg":["assets/images/signOff_icon.svg"],"assets/images/signof.svg":["assets/images/signof.svg"],"assets/images/signoff.svg":["assets/images/signoff.svg"],"assets/images/site_evaluation.svg":["assets/images/site_evaluation.svg"],"assets/images/speaker.svg":["assets/images/speaker.svg"],"assets/images/splash_bottom.png":["assets/images/splash_bottom.png"],"assets/images/splash_top.png":["assets/images/splash_top.png"],"assets/images/success_Icon.svg":["assets/images/success_Icon.svg"],"assets/images/summative.png":["assets/images/summative.png"],"assets/images/summative.svg":["assets/images/summative.svg"],"assets/images/ticksquare.png":["assets/images/ticksquare.png"],"assets/images/timeimage.svg":["assets/images/timeimage.svg"],"assets/images/timer-start.svg":["assets/images/timer-start.svg"],"assets/images/timer-stop.svg":["assets/images/timer-stop.svg"],"assets/images/timer.png":["assets/images/timer.png"],"assets/images/trachestomycare.svg":["assets/images/trachestomycare.svg"],"assets/images/trash.svg":["assets/images/trash.svg"],"assets/images/trash1.svg":["assets/images/trash1.svg"],"assets/images/user-edit.svg":["assets/images/user-edit.svg"],"assets/images/user_placeholder.png":["assets/images/user_placeholder.png"],"assets/images/view_d.svg":["assets/images/view_d.svg"],"assets/images/volunteer_eva.svg":["assets/images/volunteer_eva.svg"],"assets/images/volunter_eva.png":["assets/images/volunter_eva.png"],"assets/images/volunter_eva.svg":["assets/images/volunter_eva.svg"],"assets/images/yes.svg":["assets/images/yes.svg"],"assets/logo_ct.png":["assets/logo_ct.png"],"assets/no_data_found.png":["assets/no_data_found.png"],"assets/no_data_found.svg":["assets/no_data_found.svg"],"assets/upload_doc.svg":["assets/upload_doc.svg"],"packages/cupertino_icons/assets/CupertinoIcons.ttf":["packages/cupertino_icons/assets/CupertinoIcons.ttf"],"packages/flutter_rating_stars/assets/star_off.png":["packages/flutter_rating_stars/assets/star_off.png"]}